code_postal,commune,type_dechet,nombre_personnes_foyer,total_kg_par_type
75005,Paris,Papier,4,16573.699999999997
75013,Paris,Papier,5,12037.399999999998
75010,Paris,Encombrants,5,12060.199999999997
75020,Paris,Déchets électroniques,1,15635.100000000002
75013,Paris,Encombrants,2,14314.8
75014,Paris,Plastique,3,11867.800000000001
75008,Paris,Textile,6,16218.300000000001
75006,Paris,Textile,3,13587.3
75001,Paris,Déchets électroniques,2,12014.9
75014,Paris,Métaux,6,13055.699999999997
75016,Paris,Métaux,4,14975.4
75015,Paris,Déchets électroniques,5,11870.099999999999
75019,Paris,Déchets électroniques,5,12100.999999999996
75006,Paris,Plastique,1,11987.399999999998
75009,Paris,Métaux,2,14871.399999999996
75014,Paris,Textile,4,14194.299999999997
75020,Paris,Encombrants,1,11054.5
75009,Paris,Papier,5,12781.399999999996
75007,Paris,Biodéchets,4,11409.4
75003,Paris,Verre,3,10092.899999999998
75008,Paris,Déchets électroniques,6,14716.300000000003
75001,Paris,Biodéchets,5,10800.600000000002
75012,Paris,Papier,1,13016.4
75001,Paris,Métaux,4,11917.999999999998
75013,Paris,Textile,2,13493.7
75010,Paris,Biodéchets,3,9247.099999999999
75019,Paris,Déchets électroniques,3,10713.099999999999
75004,Paris,Encombrants,6,10578.4
75005,Paris,Verre,5,11097.400000000001
75002,Paris,Déchets électroniques,3,14567.3
75015,Paris,Déchets électroniques,2,10360.500000000002
75002,Paris,Plastique,2,12191.900000000003
75001,Paris,Papier,4,10231.399999999996
75004,Paris,Biodéchets,1,9411.199999999999
75001,Paris,Verre,2,11095.000000000004
75005,Paris,Textile,4,11012.7
75008,Paris,Déchets verts,4,16301.199999999999
75009,Paris,Papier,4,12377.200000000003
75018,Paris,Biodéchets,3,11334.900000000001
75002,Paris,Biodéchets,3,14063.900000000005
75013,Paris,Papier,4,13542.000000000004
75004,Paris,Textile,6,13322.600000000004
75005,Paris,Métaux,4,8765.699999999999
75009,Paris,Métaux,3,7959.500000000001
75009,Paris,Biodéchets,6,9199.300000000001
75005,Paris,Papier,5,16712.5
75013,Paris,Métaux,1,9580.9
75017,Paris,Métaux,6,13858.400000000003
75020,Paris,Encombrants,4,16420.300000000003
75018,Paris,Métaux,5,13691.099999999997
75014,Paris,Verre,6,15629.6
75002,Paris,Déchets verts,2,11073.800000000003
75006,Paris,Biodéchets,3,12853.100000000002
75015,Paris,Papier,5,13016.699999999995
75012,Paris,Plastique,1,10314.099999999999
75016,Paris,Déchets verts,5,10789.500000000004
75010,Paris,Encombrants,6,11249.800000000001
75001,Paris,Déchets électroniques,4,13635.599999999999
75002,Paris,Métaux,1,11043.0
75011,Paris,Biodéchets,4,11935.3
75018,Paris,Papier,5,9499.900000000001
75020,Paris,Verre,3,14292.899999999998
75008,Paris,Métaux,4,8592.9
75011,Paris,Métaux,5,13589.799999999996
75016,Paris,Encombrants,4,11248.1
75004,Paris,Déchets électroniques,4,12246.8
75012,Paris,Biodéchets,6,9925.699999999999
75002,Paris,Papier,5,16198.099999999999
75012,Paris,Métaux,6,8438.4
75001,Paris,Encombrants,5,12772.4
75016,Paris,Biodéchets,6,13087.600000000002
75020,Paris,Déchets verts,3,11160.300000000001
75018,Paris,Métaux,1,12190.300000000001
75017,Paris,Verre,6,16578.199999999997
75013,Paris,Textile,5,14799.599999999997
75011,Paris,Déchets électroniques,3,14188.400000000001
75016,Paris,Textile,3,12761.500000000002
75009,Paris,Déchets verts,6,13377.100000000002
75016,Paris,Textile,6,16322.200000000006
75002,Paris,Métaux,3,13559.200000000003
75006,Paris,Verre,6,15024.099999999995
75001,Paris,Verre,4,14245.800000000003
75011,Paris,Encombrants,5,9218.4
75013,Paris,Biodéchets,5,13608.3
75013,Paris,Encombrants,1,13247.200000000006
75020,Paris,Biodéchets,3,14432.699999999999
75020,Paris,Métaux,2,13525.000000000002
75016,Paris,Textile,1,10942.699999999999
75013,Paris,Déchets électroniques,4,13102.799999999997
75008,Paris,Plastique,1,10214.3
75011,Paris,Plastique,5,16444.199999999993
75007,Paris,Déchets électroniques,2,12988.3
75004,Paris,Métaux,6,11102.1
75012,Paris,Verre,3,13380.2
75004,Paris,Textile,5,13371.400000000001
75008,Paris,Biodéchets,1,10453.499999999998
75019,Paris,Déchets électroniques,4,13708.900000000003
75016,Paris,Encombrants,5,11558.199999999995
75019,Paris,Biodéchets,2,11572.200000000004
75008,Paris,Encombrants,5,12567.700000000003
75013,Paris,Déchets verts,4,13385.999999999998
75002,Paris,Biodéchets,2,12679.3
75020,Paris,Textile,5,12993.200000000003
75003,Paris,Biodéchets,6,12661.599999999999
75010,Paris,Papier,4,11814.699999999999
75008,Paris,Déchets électroniques,1,15502.400000000003
75012,Paris,Textile,1,11404.2
75015,Paris,Textile,2,12443.800000000001
75011,Paris,Verre,6,15033.500000000002
75015,Paris,Déchets électroniques,6,11582.799999999997
75013,Paris,Verre,6,11812.500000000002
75003,Paris,Textile,1,11603.199999999995
75006,Paris,Textile,4,12673.299999999997
75012,Paris,Textile,4,14958.800000000007
75002,Paris,Biodéchets,5,7998.500000000001
75008,Paris,Métaux,5,12761.100000000002
75018,Paris,Déchets électroniques,2,18846.7
75003,Paris,Déchets électroniques,1,14005.000000000002
75005,Paris,Biodéchets,1,11251.399999999998
75015,Paris,Encombrants,6,11739.999999999998
75009,Paris,Textile,1,13642.0
75012,Paris,Déchets verts,1,14494.400000000001
75010,Paris,Déchets verts,2,11187.699999999999
75011,Paris,Papier,1,14844.199999999993
75005,Paris,Papier,3,9087.200000000003
75016,Paris,Verre,1,9673.899999999998
75004,Paris,Métaux,4,8350.699999999999
75001,Paris,Encombrants,4,11949.999999999998
75003,Paris,Déchets électroniques,6,16839.2
75001,Paris,Biodéchets,1,13231.7
75013,Paris,Déchets électroniques,5,15729.7
75012,Paris,Déchets électroniques,2,12943.499999999996
75003,Paris,Papier,6,12722.7
75004,Paris,Verre,1,11409.300000000003
75009,Paris,Déchets électroniques,3,10265.900000000003
75009,Paris,Textile,5,14944.5
75007,Paris,Plastique,1,7574.200000000001
75012,Paris,Encombrants,2,8139.099999999999
75009,Paris,Encombrants,6,12089.800000000001
75017,Paris,Verre,1,13749.1
75015,Paris,Biodéchets,1,10872.099999999999
75003,Paris,Verre,1,12668.300000000001
75009,Paris,Plastique,3,11461.800000000001
75007,Paris,Biodéchets,2,14408.599999999999
75006,Paris,Plastique,5,10945.199999999997
75018,Paris,Encombrants,1,9902.5
75002,Paris,Textile,4,15297.3
75002,Paris,Plastique,3,10676.6
75010,Paris,Plastique,4,12225.7
75011,Paris,Plastique,4,11567.999999999998
75013,Paris,Verre,4,10997.899999999998
75004,Paris,Déchets électroniques,1,12326.500000000002
75001,Paris,Papier,5,14146.0
75003,Paris,Métaux,6,13719.099999999999
75007,Paris,Déchets électroniques,1,11588.900000000001
75008,Paris,Encombrants,2,18045.899999999998
75010,Paris,Déchets verts,4,12101.800000000001
75001,Paris,Encombrants,3,9601.800000000001
75019,Paris,Encombrants,5,17851.0
75016,Paris,Biodéchets,4,15180.999999999998
75006,Paris,Encombrants,1,12765.599999999999
75016,Paris,Verre,3,11125.300000000001
75012,Paris,Déchets verts,3,13760.600000000002
75009,Paris,Déchets électroniques,2,11412.599999999999
75017,Paris,Biodéchets,6,13177.4
75004,Paris,Biodéchets,4,9697.999999999998
75018,Paris,Plastique,1,13190.799999999997
75010,Paris,Encombrants,1,13567.9
75007,Paris,Métaux,6,15998.900000000001
75010,Paris,Biodéchets,2,8453.7
75011,Paris,Textile,5,12648.8
75005,Paris,Déchets verts,2,11190.5
75013,Paris,Biodéchets,1,12976.3
75001,Paris,Textile,1,14643.799999999997
75003,Paris,Papier,2,15991.9
75003,Paris,Verre,4,12260.400000000003
75018,Paris,Déchets verts,6,10866.3
75014,Paris,Déchets électroniques,5,12833.400000000007
75018,Paris,Déchets électroniques,6,12989.1
75016,Paris,Déchets verts,2,9050.100000000002
75019,Paris,Textile,6,13310.699999999992
75001,Paris,Plastique,5,15459.2
75007,Paris,Papier,4,13420.4
75002,Paris,Déchets verts,1,14793.900000000003
75017,Paris,Biodéchets,4,11785.000000000004
75019,Paris,Encombrants,1,11231.2
75004,Paris,Plastique,2,10888.2
75015,Paris,Plastique,3,12969.399999999996
75007,Paris,Verre,4,11581.699999999997
75007,Paris,Métaux,1,11163.699999999999
75009,Paris,Verre,4,11186.099999999999
75001,Paris,Verre,5,16227.6
75018,Paris,Biodéchets,6,11990.2
75019,Paris,Déchets verts,4,8432.300000000003
75017,Paris,Textile,5,10256.100000000002
75001,Paris,Textile,3,11216.000000000002
75001,Paris,Verre,6,11344.2
75014,Paris,Métaux,3,17630.699999999997
75002,Paris,Biodéchets,6,11949.199999999997
75015,Paris,Papier,1,11758.7
75008,Paris,Déchets électroniques,4,8475.0
75002,Paris,Papier,1,13110.3
75019,Paris,Biodéchets,1,14180.999999999998
75009,Paris,Déchets électroniques,4,14053.300000000003
75019,Paris,Verre,3,16999.5
75010,Paris,Papier,6,12986.1
75012,Paris,Déchets verts,2,13367.499999999998
75020,Paris,Encombrants,3,12186.5
75010,Paris,Métaux,1,10572.500000000002
75018,Paris,Encombrants,4,12553.000000000002
75020,Paris,Papier,2,9909.599999999999
75015,Paris,Verre,6,14055.3
75002,Paris,Papier,4,12486.199999999997
75011,Paris,Verre,3,10314.999999999998
75014,Paris,Plastique,2,9330.399999999998
75019,Paris,Encombrants,4,13153.999999999998
75018,Paris,Papier,3,11867.6
75002,Paris,Métaux,6,11303.9
75014,Paris,Encombrants,3,13258.600000000002
75015,Paris,Déchets électroniques,4,15791.899999999998
75008,Paris,Papier,3,13967.999999999996
75018,Paris,Papier,6,12094.699999999997
75019,Paris,Métaux,6,12919.900000000003
75017,Paris,Métaux,1,12603.499999999996
75012,Paris,Encombrants,1,9811.600000000002
75001,Paris,Déchets verts,4,15063.699999999999
75019,Paris,Papier,4,10746.000000000002
75004,Paris,Papier,2,12826.000000000002
75015,Paris,Verre,3,15407.7
75011,Paris,Biodéchets,1,11862.599999999999
75006,Paris,Métaux,5,12369.500000000004
75017,Paris,Métaux,2,13268.499999999998
75013,Paris,Plastique,5,13192.1
75005,Paris,Plastique,3,10863.699999999997
75006,Paris,Métaux,4,11243.000000000005
75016,Paris,Déchets verts,1,12400.800000000001
75003,Paris,Plastique,3,8793.9
75017,Paris,Déchets électroniques,2,15993.699999999995
75007,Paris,Déchets verts,1,7769.4
75016,Paris,Textile,4,12673.300000000001
75009,Paris,Verre,3,12686.1
75011,Paris,Déchets électroniques,6,12840.7
75018,Paris,Déchets verts,3,15089.699999999999
75020,Paris,Biodéchets,5,11022.399999999998
75004,Paris,Textile,1,11956.7
75014,Paris,Verre,1,10315.999999999998
75019,Paris,Textile,4,11770.4
75008,Paris,Déchets verts,6,13860.400000000001
75019,Paris,Papier,3,13673.300000000001
75014,Paris,Plastique,5,11293.6
75017,Paris,Déchets électroniques,1,16017.800000000001
75011,Paris,Métaux,2,11362.800000000003
75017,Paris,Encombrants,1,11198.100000000002
75002,Paris,Encombrants,1,10119.699999999999
75008,Paris,Papier,1,11466.200000000006
75001,Paris,Papier,1,11086.299999999997
75014,Paris,Déchets verts,5,12193.399999999998
75003,Paris,Plastique,6,11712.4
75008,Paris,Papier,4,15488.099999999997
75004,Paris,Déchets électroniques,6,16352.3
75008,Paris,Plastique,4,11328.899999999998
75006,Paris,Déchets verts,1,12081.399999999992
75013,Paris,Déchets électroniques,6,12141.900000000001
75014,Paris,Papier,2,16590.8
75004,Paris,Textile,2,10606.8
75018,Paris,Textile,4,14570.2
75015,Paris,Encombrants,2,11117.799999999997
75003,Paris,Biodéchets,5,14360.499999999998
75020,Paris,Plastique,2,12525.900000000003
75020,Paris,Papier,6,13525.300000000001
75012,Paris,Déchets verts,5,13878.699999999999
75011,Paris,Papier,6,15204.699999999999
75019,Paris,Textile,3,12968.100000000002
75019,Paris,Textile,1,8910.0
75007,Paris,Déchets électroniques,4,11508.999999999998
75006,Paris,Encombrants,2,11945.3
75002,Paris,Métaux,4,10466.200000000003
75016,Paris,Déchets verts,3,11445.599999999995
75008,Paris,Déchets verts,3,9826.399999999998
75013,Paris,Textile,4,14505.199999999997
75013,Paris,Papier,1,13745.499999999998
75018,Paris,Déchets verts,5,12010.4
75004,Paris,Verre,3,14287.1
75009,Paris,Biodéchets,5,9687.1
75005,Paris,Plastique,2,9130.3
75006,Paris,Textile,5,11674.0
75004,Paris,Textile,3,9125.199999999999
75006,Paris,Déchets électroniques,6,15690.099999999999
75007,Paris,Plastique,6,15440.300000000003
75010,Paris,Verre,6,11848.199999999997
75011,Paris,Biodéchets,2,15443.1
75004,Paris,Verre,5,14579.599999999999
75019,Paris,Plastique,4,12534.5
75015,Paris,Déchets verts,1,10700.000000000002
75013,Paris,Encombrants,3,11509.800000000001
75004,Paris,Encombrants,1,10541.1
75018,Paris,Biodéchets,1,12502.8
75016,Paris,Biodéchets,1,10155.800000000001
75019,Paris,Encombrants,2,9790.4
75016,Paris,Déchets électroniques,2,10550.6
75011,Paris,Biodéchets,5,9280.400000000001
75013,Paris,Papier,2,12678.099999999999
75014,Paris,Encombrants,2,13631.500000000002
75012,Paris,Biodéchets,3,9670.499999999998
75019,Paris,Métaux,3,14745.900000000001
75004,Paris,Encombrants,5,11638.7
75002,Paris,Biodéchets,4,12917.0
75008,Paris,Biodéchets,4,10039.099999999999
75020,Paris,Biodéchets,4,12069.1
75016,Paris,Encombrants,1,10294.800000000003
75013,Paris,Métaux,2,12349.999999999998
75009,Paris,Métaux,1,10810.300000000001
75020,Paris,Métaux,1,9965.200000000003
75004,Paris,Biodéchets,3,13414.900000000003
75002,Paris,Verre,6,11558.699999999997
75013,Paris,Déchets électroniques,1,11502.999999999998
75019,Paris,Métaux,5,8466.2
75020,Paris,Papier,4,12777.000000000004
75005,Paris,Textile,5,16570.9
75005,Paris,Encombrants,5,10626.400000000001
75014,Paris,Encombrants,5,8879.7
75010,Paris,Encombrants,3,14472.800000000003
75001,Paris,Papier,2,13980.300000000005
75016,Paris,Papier,6,12295.799999999997
75019,Paris,Métaux,2,10953.4
75011,Paris,Déchets verts,6,13086.199999999997
75018,Paris,Métaux,3,11922.500000000002
75007,Paris,Textile,6,9969.6
75006,Paris,Verre,1,11252.500000000002
75009,Paris,Encombrants,4,9930.0
75008,Paris,Plastique,3,15985.099999999997
75008,Paris,Papier,2,11587.699999999999
75005,Paris,Encombrants,4,11856.900000000003
75011,Paris,Déchets électroniques,2,12889.7
75014,Paris,Textile,1,10801.099999999997
75020,Paris,Papier,5,13474.400000000005
75008,Paris,Papier,6,13572.099999999997
75010,Paris,Métaux,6,13041.9
75015,Paris,Métaux,3,7621.900000000001
75005,Paris,Déchets électroniques,1,14231.999999999998
75009,Paris,Plastique,1,14284.799999999994
75013,Paris,Déchets électroniques,3,14953.800000000001
75001,Paris,Métaux,3,11305.000000000002
75015,Paris,Papier,6,13318.800000000001
75006,Paris,Métaux,1,10476.199999999999
75001,Paris,Déchets verts,1,17859.799999999996
75012,Paris,Plastique,6,11813.1
75005,Paris,Déchets électroniques,4,12484.399999999996
75003,Paris,Déchets électroniques,2,11814.799999999997
75016,Paris,Verre,4,10969.2
75020,Paris,Métaux,3,14237.299999999997
75012,Paris,Déchets électroniques,4,13471.600000000002
75007,Paris,Papier,1,12567.9
75009,Paris,Plastique,6,12437.1
75012,Paris,Textile,6,12638.899999999998
75010,Paris,Métaux,3,13948.6
75008,Paris,Métaux,3,14929.899999999998
75017,Paris,Plastique,3,10621.2
75009,Paris,Verre,5,14891.0
75019,Paris,Déchets verts,3,15689.1
75017,Paris,Biodéchets,3,13830.7
75019,Paris,Métaux,4,11785.1
75007,Paris,Métaux,2,10404.6
75011,Paris,Plastique,2,10363.299999999997
75020,Paris,Déchets électroniques,6,11731.7
75004,Paris,Encombrants,3,12093.400000000001
75001,Paris,Plastique,1,12220.700000000003
75003,Paris,Encombrants,3,16905.9
75012,Paris,Métaux,3,13950.500000000004
75007,Paris,Biodéchets,1,13127.900000000001
75010,Paris,Papier,3,12847.199999999999
75005,Paris,Papier,2,13520.6
75010,Paris,Papier,2,13284.3
75006,Paris,Déchets verts,4,14038.2
75009,Paris,Biodéchets,4,11860.599999999999
75018,Paris,Verre,2,13091.1
75017,Paris,Papier,6,11453.199999999997
75002,Paris,Encombrants,4,11084.199999999997
75005,Paris,Encombrants,6,11982.499999999995
75005,Paris,Textile,6,12306.499999999998
75003,Paris,Verre,2,7143.0
75002,Paris,Déchets verts,3,12111.999999999998
75008,Paris,Métaux,6,10386.900000000003
75011,Paris,Verre,1,9922.499999999998
75018,Paris,Biodéchets,2,9761.599999999997
75012,Paris,Plastique,3,15176.500000000002
75010,Paris,Encombrants,4,14636.199999999999
75020,Paris,Verre,5,14070.400000000003
75001,Paris,Plastique,4,11270.699999999995
75006,Paris,Plastique,3,15132.400000000001
75005,Paris,Encombrants,3,8004.799999999998
75017,Paris,Déchets verts,6,9682.0
75014,Paris,Verre,3,13851.9
75001,Paris,Verre,1,13704.9
75007,Paris,Biodéchets,3,14751.599999999995
75017,Paris,Plastique,1,13918.099999999995
75008,Paris,Déchets verts,5,12073.7
75011,Paris,Déchets verts,1,14772.9
75007,Paris,Verre,5,17746.300000000007
75010,Paris,Biodéchets,6,11434.999999999995
75006,Paris,Papier,1,16957.800000000003
75014,Paris,Biodéchets,5,14030.900000000003
75005,Paris,Biodéchets,3,10575.1
75004,Paris,Déchets verts,3,14816.300000000003
75008,Paris,Déchets électroniques,3,7846.800000000001
75010,Paris,Déchets électroniques,5,9514.600000000002
75004,Paris,Papier,6,14673.000000000004
75012,Paris,Verre,6,14189.399999999998
75019,Paris,Biodéchets,5,11478.799999999997
75011,Paris,Verre,4,12187.799999999996
75015,Paris,Textile,1,12206.7
75003,Paris,Déchets électroniques,4,10612.0
75016,Paris,Papier,2,16143.100000000004
75006,Paris,Métaux,3,11965.599999999999
75018,Paris,Textile,3,13339.3
75015,Paris,Verre,5,9172.1
75017,Paris,Plastique,2,15193.200000000003
75020,Paris,Textile,6,13445.5
75010,Paris,Métaux,5,10102.099999999999
75020,Paris,Métaux,6,13091.8
75005,Paris,Textile,2,14953.399999999998
75009,Paris,Encombrants,2,14533.9
75016,Paris,Plastique,4,14415.900000000003
75005,Paris,Plastique,6,13385.5
75016,Paris,Plastique,2,14613.500000000002
75002,Paris,Plastique,1,11449.299999999997
75006,Paris,Déchets électroniques,2,12115.8
75012,Paris,Verre,1,16240.999999999996
75005,Paris,Déchets verts,6,11248.699999999999
75007,Paris,Textile,2,15619.700000000003
75009,Paris,Plastique,2,13051.999999999998
75009,Paris,Plastique,5,16078.3
75004,Paris,Déchets verts,6,15067.499999999996
75007,Paris,Verre,6,15189.099999999997
75002,Paris,Déchets verts,5,8917.099999999999
75011,Paris,Papier,2,12328.899999999996
75019,Paris,Biodéchets,6,12367.699999999995
75012,Paris,Biodéchets,5,13156.300000000001
75011,Paris,Textile,2,15287.5
75016,Paris,Encombrants,2,9754.2
75016,Paris,Déchets verts,6,13079.7
75004,Paris,Biodéchets,6,10282.699999999999
75013,Paris,Métaux,5,12152.999999999998
75020,Paris,Plastique,3,14378.300000000001
75017,Paris,Papier,4,13726.300000000003
75014,Paris,Encombrants,6,13359.400000000003
75014,Paris,Déchets électroniques,3,13061.699999999997
75006,Paris,Verre,4,10886.6
75005,Paris,Plastique,4,14915.399999999998
75020,Paris,Déchets électroniques,4,16023.099999999997
75016,Paris,Plastique,1,8563.099999999997
75007,Paris,Biodéchets,5,14331.2
75013,Paris,Déchets verts,2,14096.7
75014,Paris,Papier,4,13372.699999999999
75016,Paris,Déchets électroniques,1,12190.100000000002
75002,Paris,Verre,3,13404.600000000004
75019,Paris,Verre,2,9540.899999999996
75020,Paris,Verre,1,9028.800000000001
75020,Paris,Déchets verts,6,17730.100000000002
75011,Paris,Métaux,4,17008.6
75002,Paris,Métaux,5,15617.0
75005,Paris,Déchets verts,4,8614.2
75001,Paris,Textile,6,12405.499999999998
75008,Paris,Métaux,2,14365.199999999995
75011,Paris,Biodéchets,3,14843.1
75016,Paris,Papier,5,13113.7
75004,Paris,Déchets verts,1,14849.599999999999
75016,Paris,Papier,4,11083.5
75002,Paris,Textile,5,10915.700000000004
75002,Paris,Déchets verts,4,11344.699999999999
75003,Paris,Biodéchets,1,13291.599999999997
75003,Paris,Biodéchets,3,14877.999999999996
75003,Paris,Déchets électroniques,5,13967.799999999997
75020,Paris,Verre,2,17219.699999999997
75017,Paris,Déchets verts,4,10529.3
75019,Paris,Déchets verts,2,13386.500000000002
75006,Paris,Plastique,4,13150.9
75011,Paris,Encombrants,4,11606.500000000004
75015,Paris,Verre,4,10804.6
75019,Paris,Encombrants,6,10084.499999999998
75003,Paris,Métaux,4,12055.000000000004
75016,Paris,Plastique,6,11930.1
75020,Paris,Verre,6,12996.900000000003
75014,Paris,Textile,5,13316.999999999996
75004,Paris,Plastique,4,13026.599999999999
75004,Paris,Plastique,5,17612.3
75017,Paris,Déchets verts,3,13907.100000000004
75016,Paris,Déchets électroniques,5,16750.100000000002
75002,Paris,Verre,2,11129.499999999998
75017,Paris,Biodéchets,2,9577.6
75007,Paris,Papier,3,11240.000000000002
75014,Paris,Métaux,4,11737.499999999996
75010,Paris,Textile,6,11725.499999999998
75017,Paris,Verre,4,13101.599999999993
75005,Paris,Biodéchets,4,12300.5
75018,Paris,Plastique,6,12962.8
75008,Paris,Textile,1,14904.800000000001
75013,Paris,Déchets verts,5,12043.399999999998
75020,Paris,Déchets électroniques,5,12323.600000000002
75009,Paris,Déchets verts,1,14972.700000000003
75003,Paris,Textile,2,8976.4
75017,Paris,Verre,5,15658.900000000001
75009,Paris,Biodéchets,1,10673.5
75014,Paris,Déchets verts,2,14459.600000000002
75001,Paris,Verre,3,10804.300000000001
75017,Paris,Textile,6,11029.499999999996
75014,Paris,Papier,3,13512.099999999999
75006,Paris,Textile,2,11304.399999999998
75005,Paris,Métaux,5,13108.900000000001
75002,Paris,Déchets électroniques,5,11826.400000000001
75015,Paris,Encombrants,4,12625.3
75019,Paris,Papier,1,14937.600000000004
75020,Paris,Déchets électroniques,3,11698.0
75020,Paris,Plastique,1,13764.399999999996
75006,Paris,Papier,4,12254.100000000002
75018,Paris,Plastique,3,11330.899999999998
75006,Paris,Verre,3,15004.500000000004
75007,Paris,Encombrants,4,11058.999999999996
75007,Paris,Métaux,3,13334.600000000002
75017,Paris,Encombrants,2,11824.100000000002
75010,Paris,Métaux,4,11470.2
75017,Paris,Déchets verts,5,16256.199999999997
75002,Paris,Encombrants,3,12182.500000000002
75015,Paris,Déchets verts,5,9670.300000000001
75003,Paris,Papier,1,14181.300000000001
75007,Paris,Déchets électroniques,5,15757.799999999996
75017,Paris,Papier,5,14695.099999999999
75014,Paris,Métaux,1,13836.899999999998
75009,Paris,Déchets électroniques,1,13684.199999999999
75004,Paris,Verre,2,15258.0
75006,Paris,Verre,2,9218.1
75011,Paris,Papier,4,12249.500000000004
75017,Paris,Encombrants,4,14557.900000000001
75011,Paris,Métaux,3,11891.999999999996
75016,Paris,Déchets électroniques,6,14902.499999999998
75002,Paris,Métaux,2,10671.499999999996
75018,Paris,Encombrants,6,15236.900000000003
75008,Paris,Biodéchets,5,13335.8
75004,Paris,Métaux,3,14615.3
75013,Paris,Plastique,2,16660.999999999993
75001,Paris,Textile,2,11188.500000000002
75020,Paris,Déchets verts,4,14065.0
75006,Paris,Papier,6,12305.099999999995
75015,Paris,Biodéchets,2,12729.300000000001
75010,Paris,Encombrants,2,9042.1
75006,Paris,Déchets électroniques,5,11349.999999999998
75020,Paris,Déchets verts,5,10765.7
75010,Paris,Déchets verts,5,10130.1
75008,Paris,Plastique,6,12491.600000000002
75008,Paris,Biodéchets,2,15857.099999999995
75008,Paris,Papier,5,9555.699999999999
75019,Paris,Encombrants,3,15629.100000000002
75015,Paris,Encombrants,3,11907.000000000004
75012,Paris,Plastique,2,11365.199999999997
75013,Paris,Verre,1,11361.4
75014,Paris,Verre,4,12122.1
75002,Paris,Textile,6,11030.1
75007,Paris,Métaux,4,12408.000000000004
75003,Paris,Encombrants,2,11825.099999999997
75003,Paris,Plastique,5,14256.800000000001
75001,Paris,Biodéchets,3,13348.7
75007,Paris,Déchets électroniques,3,10721.1
75003,Paris,Déchets verts,1,10513.799999999997
75005,Paris,Biodéchets,5,11731.400000000001
75018,Paris,Métaux,6,15763.900000000001
75009,Paris,Verre,1,12761.8
75010,Paris,Déchets verts,6,13353.900000000005
75018,Paris,Déchets électroniques,3,13075.400000000003
75004,Paris,Verre,4,11390.699999999997
75012,Paris,Biodéchets,4,12702.3
75018,Paris,Déchets verts,1,11077.800000000003
75020,Paris,Déchets verts,1,9743.700000000003
75008,Paris,Biodéchets,6,11865.100000000002
75015,Paris,Biodéchets,6,15971.899999999998
75002,Paris,Déchets électroniques,1,13321.300000000003
75012,Paris,Déchets électroniques,1,14333.900000000001
75006,Paris,Déchets verts,3,12745.000000000002
75020,Paris,Déchets verts,2,13992.099999999997
75002,Paris,Plastique,6,13431.900000000003
75007,Paris,Encombrants,2,10251.7
75007,Paris,Textile,3,11885.2
75001,Paris,Déchets verts,2,13150.999999999998
75001,Paris,Encombrants,2,13952.1
75012,Paris,Verre,4,12214.0
75006,Paris,Encombrants,3,7399.699999999999
75007,Paris,Plastique,3,10351.1
75003,Paris,Métaux,3,10866.3
75008,Paris,Textile,3,8570.3
75002,Paris,Déchets verts,6,11145.399999999998
75019,Paris,Déchets verts,5,13428.7
75013,Paris,Encombrants,6,13336.900000000001
75006,Paris,Textile,6,10778.2
75002,Paris,Papier,2,14470.800000000005
75018,Paris,Déchets verts,2,14039.500000000005
75001,Paris,Métaux,5,11657.4
75005,Paris,Plastique,5,12987.6
75005,Paris,Métaux,2,13883.199999999999
75012,Paris,Textile,2,12907.1
75003,Paris,Papier,3,12341.599999999999
75012,Paris,Métaux,5,10276.999999999998
75015,Paris,Textile,3,11609.099999999999
75012,Paris,Papier,6,18950.1
75014,Paris,Déchets verts,6,13370.699999999999
75003,Paris,Textile,5,11294.900000000003
75016,Paris,Verre,6,8708.800000000001
75002,Paris,Textile,3,13677.099999999999
75001,Paris,Biodéchets,2,11902.999999999998
75001,Paris,Papier,3,9335.600000000002
75001,Paris,Métaux,2,9585.0
75011,Paris,Déchets électroniques,1,13386.5
75008,Paris,Textile,2,14317.6
75003,Paris,Plastique,1,15108.700000000004
75018,Paris,Verre,1,9986.900000000001
75003,Paris,Déchets verts,5,12081.2
75006,Paris,Papier,3,11657.699999999999
75017,Paris,Papier,2,9087.899999999998
75020,Paris,Biodéchets,6,13727.8
75007,Paris,Papier,2,13058.900000000001
75004,Paris,Papier,3,10792.900000000001
75004,Paris,Métaux,1,10597.4
75007,Paris,Plastique,5,8638.6
75019,Paris,Textile,5,13433.0
75010,Paris,Biodéchets,4,12342.0
75011,Paris,Papier,3,14344.900000000005
75019,Paris,Verre,1,12806.799999999997
75005,Paris,Biodéchets,2,12199.3
75016,Paris,Papier,1,14696.1
75003,Paris,Encombrants,5,10953.400000000001
75006,Paris,Papier,5,14578.099999999995
75006,Paris,Verre,5,7811.799999999999
75019,Paris,Déchets électroniques,6,13735.199999999999
75009,Paris,Verre,2,10740.199999999999
75018,Paris,Papier,2,14428.000000000002
75013,Paris,Papier,3,11627.799999999997
75015,Paris,Métaux,1,9496.400000000001
75010,Paris,Textile,3,11840.200000000003
75011,Paris,Textile,6,11217.499999999996
75019,Paris,Plastique,3,15054.000000000005
75012,Paris,Métaux,2,9618.2
75014,Paris,Déchets verts,1,13145.900000000003
75001,Paris,Déchets électroniques,3,14045.000000000002
75006,Paris,Plastique,2,15323.900000000001
75008,Paris,Textile,4,14321.4
75013,Paris,Plastique,6,11538.8
75006,Paris,Biodéchets,2,13926.400000000001
75007,Paris,Papier,6,11063.999999999998
75009,Paris,Déchets électroniques,6,10447.7
75007,Paris,Textile,5,11952.900000000003
75007,Paris,Plastique,4,10696.200000000003
75015,Paris,Biodéchets,3,12059.999999999998
75001,Paris,Métaux,6,13584.800000000003
75011,Paris,Verre,5,10602.5
75006,Paris,Déchets verts,6,10182.6
75014,Paris,Déchets électroniques,6,10560.3
75006,Paris,Papier,2,13030.3
75011,Paris,Déchets électroniques,4,17541.899999999998
75020,Paris,Papier,3,15970.099999999997
75017,Paris,Déchets électroniques,6,11711.3
75012,Paris,Textile,5,12910.6
75014,Paris,Biodéchets,4,16826.999999999993
75014,Paris,Encombrants,1,12384.400000000001
75004,Paris,Biodéchets,5,13040.599999999999
75019,Paris,Verre,4,11880.6
75014,Paris,Biodéchets,6,11320.400000000001
75002,Paris,Plastique,4,9866.1
75018,Paris,Métaux,2,11637.000000000004
75016,Paris,Déchets électroniques,3,10647.099999999997
75016,Paris,Déchets verts,4,13958.000000000004
75006,Paris,Plastique,6,9518.6
75016,Paris,Verre,2,13895.6
75011,Paris,Papier,5,12775.499999999998
75018,Paris,Papier,4,12513.400000000003
75019,Paris,Biodéchets,4,12367.300000000001
75012,Paris,Papier,4,14652.899999999994
75015,Paris,Textile,6,14911.199999999995
75013,Paris,Métaux,3,10934.100000000002
75013,Paris,Plastique,4,14745.900000000001
75009,Paris,Textile,3,13676.899999999998
75002,Paris,Verre,1,10170.500000000002
75014,Paris,Plastique,6,11823.599999999999
75009,Paris,Plastique,4,12532.2
75001,Paris,Encombrants,1,12850.599999999999
75008,Paris,Encombrants,3,10381.499999999998
75013,Paris,Déchets verts,3,12421.899999999996
75015,Paris,Papier,4,13500.2
75014,Paris,Déchets électroniques,1,11958.199999999999
75013,Paris,Verre,3,11799.400000000003
75004,Paris,Verre,6,11111.7
75007,Paris,Textile,1,12160.2
75003,Paris,Déchets électroniques,3,13406.3
75019,Paris,Papier,5,11893.699999999999
75012,Paris,Biodéchets,1,11346.399999999998
75016,Paris,Encombrants,3,11300.199999999995
75017,Paris,Verre,2,14077.0
75003,Paris,Encombrants,6,14804.0
75004,Paris,Plastique,6,10069.4
75020,Paris,Encombrants,2,17843.39999999999
75013,Paris,Papier,6,14174.699999999999
75015,Paris,Biodéchets,4,13844.3
75006,Paris,Déchets électroniques,4,13729.800000000003
75018,Paris,Encombrants,5,12510.0
75003,Paris,Déchets verts,3,8135.499999999999
75020,Paris,Verre,4,8054.300000000001
75003,Paris,Métaux,1,10884.099999999999
75004,Paris,Papier,5,11556.800000000003
75005,Paris,Verre,4,11582.5
75015,Paris,Encombrants,1,12082.399999999996
75015,Paris,Déchets électroniques,1,17594.700000000004
75009,Paris,Déchets électroniques,5,15896.000000000002
75019,Paris,Plastique,6,13852.099999999999
75003,Paris,Plastique,2,10437.500000000002
75014,Paris,Textile,6,12366.900000000001
75010,Paris,Papier,5,13841.500000000005
75007,Paris,Verre,2,14953.199999999997
75007,Paris,Déchets verts,6,13461.1
75017,Paris,Encombrants,5,9331.100000000002
75014,Paris,Déchets verts,4,14143.100000000004
75012,Paris,Encombrants,4,10284.2
75014,Paris,Verre,5,14034.199999999997
75016,Paris,Biodéchets,2,12027.799999999996
75019,Paris,Papier,2,10473.499999999998
75010,Paris,Déchets électroniques,6,12923.699999999999
75004,Paris,Déchets électroniques,2,11034.499999999998
75010,Paris,Textile,5,12032.399999999996
75016,Paris,Métaux,6,12235.8
75005,Paris,Verre,3,10340.099999999997
75019,Paris,Plastique,5,14683.6
75012,Paris,Déchets verts,6,9805.4
75006,Paris,Encombrants,5,10653.800000000001
75012,Paris,Métaux,4,7133.2
75003,Paris,Plastique,4,11498.0
75020,Paris,Textile,2,10801.499999999998
75015,Paris,Textile,4,12590.3
75006,Paris,Biodéchets,1,12007.3
75015,Paris,Déchets verts,2,10001.899999999998
75010,Paris,Verre,4,11378.3
75019,Paris,Déchets électroniques,1,13281.300000000001
75017,Paris,Biodéchets,5,11776.099999999999
75011,Paris,Encombrants,6,12023.899999999998
75013,Paris,Plastique,1,12466.599999999999
75011,Paris,Plastique,3,11790.099999999999
75005,Paris,Verre,2,12433.9
75020,Paris,Encombrants,6,11122.199999999999
75013,Paris,Textile,1,11095.500000000002
75004,Paris,Papier,4,13834.400000000001
75020,Paris,Plastique,5,10628.099999999999
75001,Paris,Plastique,3,11418.899999999996
75005,Paris,Textile,1,11458.099999999999
75003,Paris,Papier,4,14933.999999999993
75019,Paris,Plastique,2,10868.599999999999
75017,Paris,Biodéchets,1,11407.6
75011,Paris,Encombrants,2,12396.599999999999
75003,Paris,Encombrants,1,11572.099999999995
75003,Paris,Biodéchets,4,11284.500000000002
75010,Paris,Verre,1,10184.2
75010,Paris,Plastique,2,12879.499999999998
75011,Paris,Textile,1,12844.900000000001
75011,Paris,Métaux,6,11315.900000000001
75007,Paris,Déchets verts,5,9955.1
75018,Paris,Textile,6,9877.800000000003
75013,Paris,Encombrants,4,12065.400000000001
75005,Paris,Papier,6,10380.0
75003,Paris,Métaux,5,8531.799999999997
75006,Paris,Encombrants,4,14269.8
75017,Paris,Textile,3,15315.199999999999
75017,Paris,Déchets verts,2,10892.499999999996
75005,Paris,Déchets électroniques,2,13108.999999999998
75009,Paris,Papier,1,13024.900000000003
75014,Paris,Textile,3,11032.1
75012,Paris,Verre,2,13329.800000000001
75008,Paris,Textile,5,16874.799999999996
75017,Paris,Plastique,4,10637.700000000003
75019,Paris,Verre,5,12597.200000000003
75012,Paris,Textile,3,13167.0
75003,Paris,Textile,3,14033.2
75006,Paris,Déchets électroniques,1,11120.0
75008,Paris,Métaux,1,14711.199999999997
75015,Paris,Métaux,4,15353.199999999999
75019,Paris,Biodéchets,3,15022.000000000005
75012,Paris,Déchets électroniques,6,12695.699999999997
75011,Paris,Métaux,1,12044.5
75015,Paris,Verre,2,12688.5
75014,Paris,Verre,2,10620.300000000001
75009,Paris,Papier,6,10066.499999999998
75007,Paris,Déchets verts,2,12130.100000000002
75016,Paris,Plastique,5,9408.099999999997
75005,Paris,Déchets électroniques,3,11228.199999999999
75013,Paris,Déchets électroniques,2,16465.700000000004
75004,Paris,Déchets électroniques,3,13910.000000000002
75018,Paris,Déchets électroniques,5,14142.900000000001
75020,Paris,Plastique,4,11519.500000000002
75010,Paris,Verre,2,14281.099999999997
75009,Paris,Papier,3,10361.600000000002
75008,Paris,Plastique,5,12531.400000000001
75009,Paris,Encombrants,1,9781.7
75003,Paris,Encombrants,4,16990.5
75003,Paris,Déchets verts,4,11620.0
75006,Paris,Textile,1,13228.8
75008,Paris,Plastique,2,15266.399999999998
75015,Paris,Plastique,4,15644.599999999999
75014,Paris,Papier,1,11972.199999999999
75013,Paris,Biodéchets,6,11926.2
75010,Paris,Textile,4,12062.000000000002
75003,Paris,Papier,5,7948.799999999998
75008,Paris,Verre,3,12869.300000000003
75017,Paris,Plastique,5,14226.300000000001
75012,Paris,Plastique,4,10717.599999999999
75005,Paris,Papier,1,12081.599999999999
75008,Paris,Verre,2,6709.0
75019,Paris,Déchets verts,1,12011.1
75007,Paris,Encombrants,3,10990.299999999997
75007,Paris,Encombrants,1,12961.100000000004
75006,Paris,Encombrants,6,10225.799999999997
75018,Paris,Biodéchets,5,12483.800000000001
75002,Paris,Textile,2,10233.399999999998
75009,Paris,Métaux,6,14403.900000000001
75018,Paris,Biodéchets,4,14875.099999999999
75003,Paris,Textile,6,12152.399999999998
75007,Paris,Encombrants,5,13719.700000000003
75001,Paris,Plastique,6,17264.3
75015,Paris,Plastique,1,11061.7
75013,Paris,Déchets verts,1,12226.200000000003
75005,Paris,Déchets électroniques,6,10515.6
75016,Paris,Textile,2,15697.799999999994
75002,Paris,Papier,3,14433.699999999999
75001,Paris,Déchets électroniques,1,13323.9
75016,Paris,Biodéchets,3,13404.199999999999
75006,Paris,Biodéchets,4,18507.199999999997
75003,Paris,Textile,4,13185.600000000006
75013,Paris,Biodéchets,2,8781.800000000001
75015,Paris,Papier,2,12768.8
75017,Paris,Métaux,4,11717.800000000003
75017,Paris,Textile,2,14115.400000000003
75007,Paris,Biodéchets,6,11751.399999999998
75001,Paris,Déchets électroniques,6,13582.399999999998
75002,Paris,Textile,1,11125.100000000004
75010,Paris,Plastique,6,11427.800000000003
75013,Paris,Textile,6,13173.000000000002
75001,Paris,Déchets verts,3,16006.0
75019,Paris,Déchets électroniques,2,11202.8
75017,Paris,Encombrants,3,14105.499999999998
75018,Paris,Déchets verts,4,13148.0
75009,Paris,Papier,2,10813.599999999999
75003,Paris,Verre,6,12889.400000000003
75007,Paris,Papier,5,14980.000000000004
75005,Paris,Verre,1,12729.5
75014,Paris,Biodéchets,2,14140.099999999997
75012,Paris,Papier,5,11602.2
75013,Paris,Métaux,4,13344.999999999996
75004,Paris,Métaux,5,10009.900000000001
75016,Paris,Déchets électroniques,4,11308.0
75012,Paris,Métaux,1,13227.099999999999
75001,Paris,Métaux,1,13475.2
75013,Paris,Déchets verts,6,11196.699999999999
75019,Paris,Plastique,1,10126.700000000003
75015,Paris,Plastique,2,12058.0
75006,Paris,Biodéchets,5,13862.000000000004
75004,Paris,Plastique,1,13584.299999999997
75005,Paris,Métaux,1,12501.8
75012,Paris,Encombrants,3,15305.999999999998
75016,Paris,Métaux,5,10183.1
75014,Paris,Biodéchets,1,9049.800000000003
75010,Paris,Textile,2,10721.800000000001
75017,Paris,Déchets électroniques,3,11224.000000000004
75008,Paris,Déchets verts,2,12593.500000000004
75005,Paris,Encombrants,2,13393.500000000004
75005,Paris,Plastique,1,12909.400000000003
75014,Paris,Textile,2,14390.099999999999
75006,Paris,Biodéchets,6,18276.3
75011,Paris,Encombrants,1,14493.099999999997
75010,Paris,Déchets électroniques,2,14298.099999999999
75002,Paris,Verre,4,11823.6
75018,Paris,Déchets électroniques,1,10193.400000000003
75012,Paris,Papier,3,10862.3
75008,Paris,Déchets verts,1,11177.7
75004,Paris,Déchets électroniques,5,13275.699999999999
75001,Paris,Encombrants,6,9952.400000000003
75018,Paris,Métaux,4,15992.500000000002
75019,Paris,Métaux,1,14049.499999999996
75015,Paris,Biodéchets,5,11871.6
75018,Paris,Encombrants,2,11729.8
75013,Paris,Biodéchets,3,10090.9
75001,Paris,Biodéchets,4,12941.400000000001
75009,Paris,Biodéchets,3,11030.300000000001
75011,Paris,Biodéchets,6,15094.5
75012,Paris,Encombrants,5,13863.8
75019,Paris,Verre,6,11227.300000000005
75007,Paris,Plastique,2,11791.699999999999
75008,Paris,Verre,5,16355.700000000004
75003,Paris,Déchets verts,2,14139.6
75017,Paris,Textile,4,12883.599999999999
75002,Paris,Biodéchets,1,13815.899999999998
75015,Paris,Papier,3,13837.699999999999
75017,Paris,Déchets verts,1,13132.2
75019,Paris,Textile,2,11901.600000000002
75013,Paris,Textile,3,12224.399999999998
75010,Paris,Biodéchets,1,12932.000000000002
75011,Paris,Textile,4,8608.600000000002
75003,Paris,Verre,5,12609.999999999998
75016,Paris,Plastique,3,9084.099999999997
75013,Paris,Verre,5,13639.100000000004
75001,Paris,Textile,4,13472.7
75009,Paris,Déchets verts,5,12291.500000000004
75017,Paris,Plastique,6,14795.900000000001
75013,Paris,Plastique,3,13551.2
75001,Paris,Plastique,2,12077.299999999996
75014,Paris,Biodéchets,3,15586.399999999992
75007,Paris,Textile,4,11890.6
75012,Paris,Plastique,5,9861.4
75002,Paris,Encombrants,6,12767.499999999998
75009,Paris,Encombrants,5,12855.599999999999
75008,Paris,Déchets électroniques,5,11343.000000000004
75004,Paris,Déchets verts,5,12615.400000000003
75018,Paris,Verre,3,14181.300000000001
75014,Paris,Métaux,2,11354.800000000001
75006,Paris,Métaux,6,10979.299999999997
75006,Paris,Déchets verts,5,12095.100000000002
75008,Paris,Encombrants,6,12451.800000000001
75018,Paris,Encombrants,3,13402.300000000003
75012,Paris,Verre,5,13099.9
75020,Paris,Textile,3,7948.200000000002
75007,Paris,Encombrants,6,14037.400000000001
75020,Paris,Déchets électroniques,2,13702.100000000002
75017,Paris,Textile,1,9271.4
75001,Paris,Déchets électroniques,5,15852.399999999994
75010,Paris,Déchets électroniques,3,11319.9
75005,Paris,Métaux,6,16306.199999999995
75012,Paris,Déchets verts,4,12678.499999999998
75015,Paris,Verre,1,13267.300000000001
75015,Paris,Déchets verts,3,12917.999999999996
75009,Paris,Déchets verts,4,10510.4
75004,Paris,Encombrants,2,10970.400000000001
75014,Paris,Papier,6,9735.800000000001
75015,Paris,Métaux,2,10678.800000000001
75017,Paris,Papier,1,13872.199999999999
75004,Paris,Encombrants,4,10999.799999999997
75018,Paris,Textile,5,10458.400000000001
75018,Paris,Déchets électroniques,4,11706.000000000002
75018,Paris,Textile,2,12480.899999999996
75015,Paris,Métaux,5,12863.1
75018,Paris,Plastique,5,12730.700000000003
75008,Paris,Biodéchets,3,14046.699999999999
75011,Paris,Verre,2,14192.899999999994
75003,Paris,Déchets verts,6,13910.100000000004
75017,Paris,Déchets électroniques,5,15471.400000000003
75011,Paris,Déchets verts,5,14633.900000000001
75011,Paris,Déchets verts,2,16115.300000000001
75018,Paris,Plastique,4,13105.399999999998
75005,Paris,Métaux,3,10501.7
75016,Paris,Biodéchets,5,10976.200000000004
75004,Paris,Textile,4,13142.399999999998
75019,Paris,Déchets verts,6,10742.0
75007,Paris,Métaux,5,13076.899999999998
75020,Paris,Métaux,4,13508.000000000002
75011,Paris,Plastique,6,12050.499999999995
75016,Paris,Métaux,1,10843.000000000004
75004,Paris,Papier,1,11888.699999999997
75010,Paris,Déchets électroniques,1,12524.300000000001
75017,Paris,Déchets électroniques,4,13171.1
75008,Paris,Encombrants,1,13176.900000000001
75002,Paris,Plastique,5,9473.199999999997
75004,Paris,Métaux,2,12464.599999999999
75017,Paris,Papier,3,15071.1
75009,Paris,Déchets verts,2,12583.8
75018,Paris,Papier,1,14174.199999999995
75020,Paris,Métaux,5,12854.8
75011,Paris,Plastique,1,13043.199999999997
75015,Paris,Textile,5,12255.900000000001
75013,Paris,Métaux,6,11879.3
75005,Paris,Déchets verts,5,13687.699999999999
75011,Paris,Textile,3,11740.1
75017,Paris,Verre,3,12138.099999999999
75005,Paris,Textile,3,12680.199999999999
75018,Paris,Verre,6,13495.399999999996
75014,Paris,Plastique,4,12683.200000000003
75015,Paris,Déchets électroniques,3,13978.099999999997
75009,Paris,Verre,6,14385.700000000004
75004,Paris,Plastique,3,10317.900000000001
75010,Paris,Plastique,1,11537.300000000003
75016,Paris,Textile,5,14301.000000000004
75014,Paris,Déchets électroniques,2,13672.8
75005,Paris,Déchets électroniques,5,12908.0
75010,Paris,Déchets verts,1,10991.9
75008,Paris,Verre,1,12107.000000000002
75017,Paris,Encombrants,6,11888.2
75016,Paris,Verre,5,13696.900000000001
75013,Paris,Encombrants,5,10101.0
75011,Paris,Déchets électroniques,5,5871.6
75005,Paris,Verre,6,9724.9
75005,Paris,Encombrants,1,11583.100000000002
75008,Paris,Verre,6,7327.0999999999985
75009,Paris,Textile,6,11395.599999999999
75014,Paris,Plastique,1,12902.200000000003
75008,Paris,Verre,4,13818.1
75013,Paris,Verre,2,15367.899999999998
75007,Paris,Déchets verts,3,14616.300000000001
75002,Paris,Déchets électroniques,2,12528.4
75002,Paris,Encombrants,2,10719.1
75005,Paris,Déchets verts,1,13054.599999999999
75004,Paris,Déchets verts,2,12461.0
75018,Paris,Verre,5,12081.4
75015,Paris,Plastique,6,12147.999999999996
75006,Paris,Déchets verts,2,13068.199999999999
75016,Paris,Métaux,3,9871.099999999999
75019,Paris,Papier,6,15048.800000000005
75014,Paris,Déchets électroniques,4,14315.700000000003
75009,Paris,Déchets verts,3,16564.2
75010,Paris,Verre,3,12975.899999999998
75010,Paris,Déchets électroniques,4,11978.500000000004
75012,Paris,Déchets électroniques,5,15032.8
75015,Paris,Métaux,6,11066.8
75010,Paris,Verre,5,11932.5
75012,Paris,Encombrants,6,12566.199999999997
75002,Paris,Verre,5,16632.899999999994
75017,Paris,Métaux,3,14858.400000000001
75005,Paris,Biodéchets,6,11465.199999999997
75001,Paris,Textile,5,11810.000000000005
75016,Paris,Métaux,2,10938.900000000005
75011,Paris,Déchets verts,4,10238.1
75020,Paris,Papier,1,8122.1
75003,Paris,Biodéchets,2,10026.7
75009,Paris,Métaux,4,15176.500000000005
75008,Paris,Déchets électroniques,2,12695.200000000003
75004,Paris,Déchets verts,4,14088.399999999998
75006,Paris,Métaux,2,14222.100000000004
75020,Paris,Textile,4,15739.599999999999
75012,Paris,Biodéchets,2,15180.599999999997
75002,Paris,Papier,6,11015.200000000003
75007,Paris,Verre,3,11588.700000000003
75001,Paris,Biodéchets,6,10781.199999999999
75009,Paris,Encombrants,3,14533.099999999999
75007,Paris,Déchets verts,4,16368.399999999998
75009,Paris,Biodéchets,2,9426.300000000001
75020,Paris,Biodéchets,1,13402.5
75014,Paris,Encombrants,4,12283.999999999998
75016,Paris,Papier,3,15289.099999999999
75008,Paris,Encombrants,4,11456.399999999996
75010,Paris,Plastique,3,13179.999999999998
75012,Paris,Déchets électroniques,3,11121.2
75012,Paris,Papier,2,8566.0
75020,Paris,Biodéchets,2,15941.200000000003
75014,Paris,Déchets verts,3,12701.799999999997
75013,Paris,Biodéchets,4,11248.300000000003
75001,Paris,Déchets verts,5,12392.7
75016,Paris,Encombrants,6,12585.699999999999
75001,Paris,Déchets verts,6,13852.199999999997
75006,Paris,Déchets électroniques,3,13682.899999999998
75015,Paris,Plastique,5,11597.299999999997
75007,Paris,Déchets électroniques,6,9679.099999999997
75001,Paris,Papier,6,8355.0
75015,Paris,Déchets verts,4,14791.199999999995
75002,Paris,Déchets électroniques,6,14294.199999999999
75010,Paris,Métaux,2,17324.000000000007
75004,Paris,Biodéchets,2,15042.2
75009,Paris,Textile,2,12246.4
75003,Paris,Métaux,2,13147.200000000003
75015,Paris,Déchets verts,6,7815.599999999999
75018,Paris,Plastique,2,13525.699999999999
75010,Paris,Papier,1,14457.000000000004
75002,Paris,Déchets électroniques,4,9593.600000000002
75018,Paris,Verre,4,8783.9
75020,Paris,Textile,1,16218.500000000004
75017,Paris,Métaux,5,13656.2
75010,Paris,Biodéchets,5,11739.199999999999
75009,Paris,Métaux,5,12422.800000000001
75020,Paris,Plastique,6,13544.0
75002,Paris,Encombrants,5,12497.200000000003
75009,Paris,Textile,4,13275.4
75018,Paris,Textile,1,11537.8
75005,Paris,Déchets verts,3,12131.1
75011,Paris,Déchets verts,3,13235.500000000002
75020,Paris,Encombrants,5,10983.900000000003
75011,Paris,Encombrants,3,10744.099999999997
75007,Paris,Verre,1,9171.400000000001
75010,Paris,Textile,1,12377.499999999998
75014,Paris,Papier,5,14958.099999999997
75010,Paris,Déchets verts,3,13521.699999999999
75010,Paris,Plastique,5,10160.599999999999
75015,Paris,Encombrants,5,14949.000000000002
75014,Paris,Métaux,5,13039.3